Жигулёвск (Самарская область),Численность населения 49 921
Кириши (Ленинградская область),Численность населения 49 609
Лесной (Свердловская область),Количество жителей 49 329
Черемхово (Иркутская область),Численность населения 49 233
Кизляр (Республика Дагестан),Численность населения 49 174
Назарово (Красноярский край),Количество жителей 48 940
Солнечногорск (Московская область),Численность населения 48 719
Узловая (Тульская область),Численность населения 48 393
Боровичи (Новгородская область),Численность населения 48 344
Можга (Удмуртская Республика),Количество жителей 48 256
Шелехов (Иркутская область),Количество жителей 47 680
Рославль (Смоленская область),Численность населения 47 417
Курганинск (Краснодарский край),Количество жителей 47 356
Балахна (Нижегородская область),Количество жителей 47 216
Аксай (Ростовская область),Количество жителей 47 177
Отрадный (Самарская область),Численность населения 46 919
Бугуруслан (Оренбургская область),Численность населения 46 870
Ливны (Орловская область),Количество жителей 46 779
Надым (Ямало-Ненецкий автономный округ),Количество жителей 46 445
Бирск (Республика Башкортостан),Количество жителей 46 438
Донецк (Ростовская область),Численность населения 46 339
Грязи (Липецкая область),Численность населения 46 054
Мегион (Ханты-Мансийский автономный округ - Югра),Численность населения 45 910
Кашира (Московская область),Численность населения 45 835
Лангепас (Ханты-Мансийский автономный округ - Югра),Численность населения 45 751
Заринск (Алтайский край),Количество жителей 44 923
Саяногорск (Республика Хакасия),Количество жителей 44 880
Карабулак (Республика Ингушетия),Численность населения 44 731
Радужный ,Количество жителей 44 436
Краснознаменск (Московская область),Численность населения 44 399
Канаш (Чувашская Республика - Чувашия),Численность населения 44 308
Берёзовский (Кемеровская область),Количество жителей 44 249
Кингисепп (Ленинградская область),Численность населения 43 875
Вышний Волочёк (Тверская область),Численность населения 43 688
Волхов (Ленинградская область),Численность населения 43 309
Рузаевка (Республика Мордовия),Численность населения 43 071
Куйбышев (Новосибирская область),Количество жителей 42 921
Чусовой (Пермский край),Численность населения 42 751
Торжок (Тверская область),Количество жителей 42 630
Кореновск (Краснодарский край),Численность населения 42 504
Горячий Ключ (Краснодарский край),Численность населения 42 273
Лянтор (Ханты-Мансийский автономный округ - Югра),Численность населения 42 160
Ярцево (Смоленская область),Количество жителей 42 126
Рассказово (Тамбовская область),Количество жителей 41 823
Чебаркуль (Челябинская область),Численность населения 41 565
Аргун (Чеченская Республика),Численность населения 41 393
Кимры (Тверская область),Численность населения 41 176
Сосновоборск (Красноярский край),Численность населения 41 165
Темрюк (Краснодарский край),Численность населения 41 017
Моздок (Республика Северная Осетия - Алания),Численность населения 40 976
Осинники (Кемеровская область),Численность населения 40 790
Кольчугино (Владимирская область),Количество жителей 40 639
Урай (Ханты-Мансийский автономный округ - Югра),Численность населения 40 610
Верхняя Салда (Свердловская область),Численность населения 40 520
Мончегорск (Мурманская область),Численность населения 40 425
Сатка (Челябинская область),Численность населения 40 371
Мыски (Кемеровская область),Численность населения 40 061
Пугачёв (Саратовская область),Численность населения 40 001
Сафоново (Смоленская область),Численность населения 39 883
Ялуторовск (Тюменская область),Численность населения 39 822
Малгобек (Республика Ингушетия),Численность населения 39 794
Шебекино (Белгородская область),Численность населения 39 734
Усть-Кут (Иркутская область),Численность населения 39 685
Тутаев (Ярославская область),Численность населения 39 458
Абинск (Краснодарский край),Численность населения 39 374
Пыть-Ях ,Численность населения 39 316
Новозыбков (Брянская область),Численность населения 39 027
Саянск (Иркутская область),Численность населения 39 021
Стрежевой (Томская область),Численность населения 38 926
Югорск (Ханты-Мансийский автономный округ - Югра),Численность населения 38 865
Спасск-Дальний (Приморский край),Численность населения 38 810
Баксан (Кабардино-Балкарская Республика),Численность населения 38 810
Елизово (Камчатский край),Численность населения 38 750
Апшеронск (Краснодарский край),Численность населения 38 684
Заинск (Республика Татарстан),Численность населения 38 486
Советск (Калининградская область),Численность населения 38 465
Кизилюрт (Республика Дагестан),Численность населения 38 343
Губкинский (Ямало-Ненецкий автономный округ),Численность населения 38 336
Большой Камень (Приморский край),Численность населения 38 288
Амурск (Хабаровский край),Численность населения 38 268
Учалы (Республика Башкортостан),Численность населения 38 157
Белая Калитва (Ростовская область),Численность населения 37 889
Тулун ,Численность населения 37 842
Ртищево (Саратовская область),Численность населения 37 745
Усть-Лабинск (Краснодарский край),Численность населения 37 589
Красный Сулин (Ростовская область),Численность населения 37 393
Курчатов (Курская область),Численность населения 37 334
Беслан (Республика Северная Осетия - Алания),Численность населения 37 319
Мариинск (Кемеровская область),Численность населения 37 316
Южноуральск (Челябинская область),Численность населения 37 241
Качканар (Свердловская область),Численность населения 37 178
Красноуфимск (Свердловская область),Численность населения 37 104
Алексеевка (Белгородская область),Численность населения 36 994
Моршанск (Тамбовская область),Численность населения 36 914
Изобильный (Ставропольский край),Численность населения 36 901
Заволжье (Нижегородская область),Численность населения 36 863
Новодвинск (Архангельская область),Численность населения 36 832
Джанкой (Республика Крым),Численность населения 36 827
Усинск (Республика Коми),Численность населения 36 775
Печора (Республика Коми),Численность населения 36 710
Переславль-Залесский (Ярославская область),Численность населения 36 655
Алапаевск (Свердловская область),Численность населения 36 587
Людиново (Калужская область),Численность населения 36 273
Реж (Свердловская область),Численность населения 36 260
Шарыпово (Красноярский край),Численность населения 36 157
Мирный (Республика Саха (Якутия)),Численность населения 35 799
Сокол (Вологодская область),Численность населения 35 671
Партизанск (Приморский край),Численность населения 35 595
Ирбит (Свердловская область),Численность населения 35 593
Урюпинск (Волгоградская область),Численность населения 35 542
Мценск (Орловская область),Численность населения 35 534
Кинель (Самарская область),Численность населения 35 530
Ахтубинск (Астраханская область),Численность населения 35 493
Кыштым (Челябинская область),Численность населения 35 392
Черняховск (Калининградская область),Численность населения 35 292
Фролово (Волгоградская область),Численность населения 35 191
Коряжма (Архангельская область),Численность населения 34 778
Лесозаводск (Приморский край),Численность населения 34 479
Благовещенск (Республика Башкортостан),Численность населения 34 441
Светлоград (Ставропольский край),Численность населения 34 422
Новокубанск (Краснодарский край),Численность населения 34 391
Протвино (Московская область),Численность населения 34 349
Апрелевка (Московская область),Численность населения 34 309
Балтийск (Калининградская область),Численность населения 34 279
Гулькевичи (Краснодарский край),Численность населения 34 228
Валуйки (Белгородская область),Численность населения 34 222
Конаково (Тверская область),Численность населения 34 166
Тосно (Ленинградская область),Численность населения 33 845
Мирный (Архангельская область),Численность населения 33 519
Ефремов (Тульская область),Численность населения 33 502
Каменка (Пензенская область),Численность населения 33 475
Зеленокумск (Ставропольский край),Численность населения 33 364
Чернушка (Пермский край),Численность населения 33 327
Корсаков (Сахалинская область),Численность населения 33 237
Азнакаево (Республика Татарстан),Численность населения 33 199
Дальнегорск (Приморский край),Численность населения 33 108
Коркино (Челябинская область),Численность населения 33 044
Гай (Оренбургская область),Численность населения 32 952
Сухой Лог (Свердловская область),Численность населения 32 935
Миллерово (Ростовская область),Численность населения 32 881
Луга (Ленинградская область),Численность населения 32 797
Вязники (Владимирская область),Численность населения 32 773
Богородск (Нижегородская область),Численность населения 32 746
Тында (Амурская область),Численность населения 32 677
Истра (Московская область),Численность населения 32 609
Трёхгорный (Челябинская область),Численность населения 32 509
Фурманов (Ивановская область),Численность населения 32 467
Нижнеудинск (Иркутская область),Численность населения 32 444
Вичуга (Ивановская область),Численность населения 32 394
Алатырь (Чувашская Республика - Чувашия),Численность населения 32 319
Тайшет (Иркутская область),Численность населения 32 124
Сланцы (Ленинградская область),Численность населения 31 948
Тавда ,Численность населения 31 850
Добрянка (Пермский край),Численность населения 31 574
Тейково (Ивановская область),Численность населения 31 343
Муравленко (Ямало-Ненецкий автономный округ),Численность населения 31 332
Нововоронеж (Воронежская область),Численность населения 31 313
Дюртюли (Республика Башкортостан),Численность населения 31 188
Приморско-Ахтарск (Краснодарский край),Численность населения 31 187
Углич (Ярославская область),Численность населения 31 135
Усть-Джегута (Карачаево-Черкесская Республика),Численность населения 31 085
Кулебаки (Нижегородская область),Численность населения 31 077
Вятские Поляны (Кировская область),Численность населения 31 055
Дедовск ,Численность населения 31 008
Нурлат (Республика Татарстан),Численность населения 31 006
Острогожск (Воронежская область),Численность населения 30 974
Слободской (Кировская область),Численность населения 30 937
Великий Устюг (Вологодская область),Численность населения 30 771
Шатура (Московская область),Численность населения 30 670
Луховицы (Московская область),Численность населения 30 488
Кохма (Ивановская область),Численность населения 30 471
Дагестанские Огни (Республика Дагестан),Численность населения 30 428
Нарткала (Кабардино-Балкарская Республика),Численность населения 30 387
Алушта (Республика Крым),Численность населения 30 319
Обь (Новосибирская область),Численность населения 30 287
Благодарный (Ставропольский край),Численность населения 30 216
Ростов (Ярославская область),Численность населения 30 145
Богородицк (Тульская область),Численность населения 30 008
Сердобск (Пензенская область),Численность населения 29 940
Маркс (Саратовская область),Численность населения 29 864
Кудымкар (Пермский край),Численность населения 29 853
Можайск ,Численность населения 29 836
Зима (Иркутская область),Численность населения 29 821
Костомукша (Республика Карелия),Численность населения 29 739
Киров (Калужская область),Численность населения 29 576
Артёмовский (Свердловская область),Численность населения 29 406
Борзя (Забайкальский край),Численность населения 29 286
Советский (Ханты-Мансийский автономный округ - Югра),Численность населения 29 204
Городец (Нижегородская область),Численность населения 29 103
Богданович (Свердловская область),Численность населения 29 081
Кандалакша (Мурманская область),Численность населения 29 047
Ликино-Дулёво ,Численность населения 28 783
Дивногорск (Красноярский край),Численность населения 28 668
Заречный (Свердловская область),Численность населения 28 635
Гагарин (Смоленская область),Численность населения 28 553
Тара (Омская область),Численность населения 28 527
Малоярославец (Калужская область),Численность населения 28 498
Барабинск (Новосибирская область),Численность населения 28 382
Славгород (Алтайский край),Численность населения 28 352
Котовск (Тамбовская область),Численность населения 28 322
Аша (Челябинская область),Численность населения 28 311
Курчалой (Чеченская Республика),Численность населения 28 225
Кондопога (Республика Карелия),Численность населения 28 150
Касимов (Рязанская область),Численность населения 28 074
Алейск (Алтайский край),Численность населения 27 976
Шумерля (Чувашская Республика - Чувашия),Численность населения 27 789
Карталы ,Численность населения 27 764
Гусев (Калининградская область),Численность населения 27 650
Петровск (Саратовская область),Численность населения 27 621
Еманжелинск (Челябинская область),Численность населения 27 572
Топки (Кемеровская область),Численность населения 27 437
Похвистнево (Самарская область),Численность населения 27 230
Кировск (Ленинградская область),Численность населения 27 209
Семилуки (Воронежская область),Численность населения 27 158
Старая Русса (Новгородская область),Численность населения 26 997
Балабаново (Калужская область),Численность населения 26 861
Десногорск (Смоленская область),Численность населения 26 840
Лабытнанги (Ямало-Ненецкий автономный округ),Численность населения 26 788
Сорочинск (Оренбургская область),Численность населения 26 673
Карасук (Новосибирская область),Численность населения 26 591
Красноармейск (Московская область),Численность населения 26 532
Заводоуковск (Тюменская область),Численность населения 26 499
Удомля (Тверская область),Численность населения 26 409
Соль-Илецк ,Численность населения 26 322
Кушва (Свердловская область),Численность населения 26 251
Киржач (Владимирская область),Численность населения 26 219
Киреевск ,Численность населения 26 129
Холмск (Сахалинская область),Численность населения 26 067
Верхний Уфалей (Челябинская область),Численность населения 26 062
Майский (Кабардино-Балкарская Республика),Численность населения 26 050
Новоалександровск (Ставропольский край),Численность населения 25 919
Новопавловск (Ставропольский край),Численность населения 25 908
Отрадное (Ленинградская область),Численность населения 25 878
Нарьян-Мар (Ненецкий автономный округ),Численность населения 25 795
Знаменск (Астраханская область),Численность населения 25 759
Бахчисарай (Республика Крым),Численность населения 25 664
Кировск (Мурманская область),Численность населения 25 586
Сосногорск (Республика Коми),Численность населения 25 521
Лосино-Петровский (Московская область),Численность населения 25 469
Полысаево (Кемеровская область),Численность населения 25 459
Дятьково (Брянская область),Численность населения 25 358
Сегежа (Республика Карелия),Численность населения 25 334
Камышлов ,Численность населения 25 269
Карпинск (Свердловская область),Численность населения 25 257
Октябрьск (Самарская область),Численность населения 25 221
Кимовск (Тульская область),Численность населения 24 841
Скопин (Рязанская область),Численность населения 24 804
Североуральск ,Численность населения 24 739
Железноводск (Ставропольский край),Численность населения 24 657
Янаул (Республика Башкортостан),Численность населения 24 619
Звенигород ,Численность населения 24 476
Красноперекопск (Республика Крым),Численность населения 24 463
Асино (Томская область),Численность населения 24 389
Озёры ,Численность населения 24 328
Дальнереченск (Приморский край),Численность населения 24 305
Нефтекумск (Ставропольский край),Численность населения 24 252
Саки (Республика Крым),Численность населения 24 146
Среднеуральск (Свердловская область),Численность населения 24 110
Медногорск (Оренбургская область),Численность населения 23 889
Павловск (Воронежская область),Численность населения 23 813
Морозовск (Ростовская область),Численность населения 23 796
Строитель (Белгородская область),Численность населения 23 781
Лермонтов (Ставропольский край),Численность населения 23 675
Семёнов (Нижегородская область),Численность населения 23 673
Родники (Ивановская область),Численность населения 23 669
Зерноград (Ростовская область),Численность населения 23 469
Северобайкальск (Республика Бурятия),Численность населения 23 411
Ленск (Республика Саха (Якутия)),Численность населения 23 226
Бутурлиновка (Воронежская область),Численность населения 23 226
Гусиноозёрск ,Численность населения 23 222
Аткарск (Саратовская область),Численность населения 23 198
Инта (Республика Коми),Численность населения 23 171
Татарск (Новосибирская область),Численность населения 23 168
Калач-на-Дону (Волгоградская область),Численность населения 23 108
Кувандык (Оренбургская область),Численность населения 23 078
Советская Гавань (Хабаровский край),Численность населения 22 942
Старая Купавна (Московская область),Численность населения 22 916
Шарья (Костромская область),Численность населения 22 841
Невьянск ,Численность населения 22 820
Давлеканово (Республика Башкортостан),Численность населения 22 697
Сасово (Рязанская область),Численность населения 22 683
Тайга (Кемеровская область),Численность населения 22 586
Уварово (Тамбовская область),Численность населения 22 514
Вилючинск (Камчатский край),Численность населения 22 473
Фокино (Приморский край),Численность населения 22 454
Ипатово (Ставропольский край),Численность населения 22 440
Зея (Амурская область),Численность населения 22 407
Зарайск (Московская область),Численность населения 22 370
Унеча (Брянская область),Численность населения 22 341
Таштагол (Кемеровская область),Численность населения 22 341
Электрогорск ,Численность населения 22 304
Железногорск-Илимский (Иркутская область),Численность населения 22 283
Колпашево (Томская область),Численность населения 22 212
Тарко-Сале (Ямало-Ненецкий автономный округ),Численность населения 22 181
Вельск (Архангельская область),Численность населения 22 073
Котельнич (Кировская область),Численность населения 22 060
Коммунар ,Численность населения 22 052
Красноуральск (Свердловская область),Численность населения 22 046
Калачинск ,Численность населения 21 885
Красноармейск (Саратовская область),Численность населения 21 867
Гурьевск (Кемеровская область),Численность населения 21 836
Хадыженск (Краснодарский край),Численность населения 21 787
Никольское (Ленинградская область),Численность населения 21 699
Исилькуль (Омская область),Численность населения 21 693
Семикаракорск (Ростовская область),Численность населения 21 693
Менделеевск (Республика Татарстан),Численность населения 21 606
Светлый (Калининградская область),Численность населения 21 530
Алдан (Республика Саха (Якутия)),Численность населения 21 499
Бронницы (Московская область),Численность населения 21 384
Бавлы ,Численность населения 21 372
Армянск (Республика Крым),Численность населения 21 291
Усть-Катав (Челябинская область),Численность населения 21 209
Омутнинск (Кировская область),Численность населения 21 038
Рыбное (Рязанская область),Численность населения 21 011
Дудинка (Красноярский край) ,Численность населения 20 925
Хотьково (Московская область),Численность населения 20 916
Сысерть (Свердловская область),Численность населения 20 843
Верещагино (Пермский край),Численность населения 20 828
Кубинка (Московская область),Численность населения 20 764
Кяхта (Республика Бурятия),Численность населения 20 709
Тырныауз (Кабардино-Балкарская Республика),Численность населения 20 696
Карачаевск (Карачаево-Черкесская Республика),Численность населения 20 626
Котово (Волгоградская область),Численность населения 20 613
Оса (Пермский край),Численность населения 20 610
Куровское (Московская область),Численность населения 20 587
Лысково (Нижегородская область),Численность населения 20 563
Гурьевск (Калининградская область),Численность населения 20 516
Остров (Псковская область),Численность населения 20 485
Вихоревка (Иркутская область),Численность населения 20 471
Электроугли (Московская область),Численность населения 20 443
Пущино (Московская область),Численность населения 20 418
Ряжск (Рязанская область),Численность населения 20 290
Черноголовка (Московская область),Численность населения 20 218
Котельниково (Волгоградская область),Численность населения 20 177
Тогучин (Новосибирская область),Численность населения 20 130
Нижний Ломов (Пензенская область),Численность населения 20 112
Нерехта (Костромская область),Численность населения 20 095
Арск (Республика Татарстан),Численность населения 20 018
Калтан (Кемеровская область),Численность населения 19 884
Буинск (Республика Татарстан),Численность населения 19 821
Белоярский (Ханты-Мансийский автономный округ - Югра),Численность населения 19 787
Бологое ,Численность населения 19 768
Бежецк (Тверская область),Численность населения 19 752
Козьмодемьянск (Республика Марий Эл),Численность населения 19 741
Терек (Кабардино-Балкарская Республика),Численность населения 19 682
Сергач (Нижегородская область),Численность населения 19 657
Агрыз (Республика Татарстан),Численность населения 19 628
Бобров (Воронежская область),Численность населения 19 592
Рошаль (Московская область),Численность населения 19 589
Оленегорск (Мурманская область),Численность населения 19 533
Шахунья (Нижегородская область),Численность населения 19 529
Алагир (Республика Северная Осетия - Алания),Численность населения 19 436
Усмань (Липецкая область),Численность населения 19 302
Оха (Сахалинская область),Численность населения 19 292
Пикалёво (Ленинградская область),Численность населения 19 250
Ардон (Республика Северная Осетия - Алания),Численность населения 19 236
Никольск (Пензенская область),Численность населения 19 087
Боготол (Красноярский край),Численность населения 18 805
Чегем (Кабардино-Балкарская Республика),Численность населения 18 726
Нижняя Тура (Свердловская область),Численность населения 18 720
Черепаново (Новосибирская область),Численность населения 18 665
Няндома (Архангельская область),Численность населения 18 656
Лебедянь (Липецкая область),Численность населения 18 627
Сортавала (Республика Карелия),Численность населения 18 600
Лодейное Поле (Ленинградская область),Численность населения 18 558
Пролетарск (Ростовская область),Численность населения 18 457
Новый Оскол (Белгородская область),Численность населения 18 439
Губаха (Пермский край),Численность населения 18 336
Покачи (Ханты-Мансийский автономный округ - Югра),Численность населения 18 328
Кировград (Свердловская область),Численность населения 18 319
Данков (Липецкая область),Численность населения 18 311
Шимановск (Амурская область),Численность населения 18 299
Ковылкино (Республика Мордовия),Численность населения 18 296
Радужный (Владимирская область),Численность населения 18 281
Бакал (Челябинская область),Численность населения 18 173
Суровикино (Волгоградская область),Численность населения 18 171
Абдулино (Оренбургская область),Численность населения 18 169
Слюдянка (Иркутская область),Численность населения 18 128
Зеленоградск (Калининградская область),Численность населения 18 098
Волоколамск (Московская область),Численность населения 17 967
Ершов (Саратовская область),Численность населения 17 919
Стародуб (Брянская область),Численность населения 17 911
Енисейск (Красноярский край),Численность населения 17 795
Нытва (Пермский край),Численность населения 17 783
Онега (Архангельская область),Численность населения 17 745
Кукмор (Республика Татарстан),Численность населения 17 699
Яровое (Алтайский край),Численность населения 17 693
Нефтегорск (Самарская область),Численность населения 17 663
Приозерск (Ленинградская область),Численность населения 17 553
Белоозёрский (Московская область),Численность населения 17 552
Льгов (Курская область),Численность населения 17 484
Николаевск-на-Амуре (Хабаровский край),Численность населения 17 458
Калач (Воронежская область),Численность населения 17 445
Нелидово (Тверская область),Численность населения 17 179
Голицыно (Московская область),Численность населения 17 170
Юрьев-Польский (Владимирская область),Численность населения 17 168
Зверево (Ростовская область),Численность населения 17 124
Полярный (Мурманская область),Численность населения 17 105
Харабали (Астраханская область),Численность населения 17 102
Шумиха (Курганская область),Численность населения 17 066
Краснослободск (Волгоградская область),Численность населения 17 040
Баймак (Республика Башкортостан),Численность населения 17 008
Нижняя Салда (Свердловская область),Численность населения 16 960
Пласт (Челябинская область),Численность населения 16 941
Туринск (Свердловская область),Численность населения 16 917
Суворов (Тульская область),Численность населения 16 903
Мензелинск (Республика Татарстан),Численность населения 16 713
Поворино (Воронежская область),Численность населения 16 666
Инза (Ульяновская область),Численность населения 16 666
Светлогорск (Калининградская область),Численность населения 16 655
Собинка (Владимирская область),Численность населения 16 647
Константиновск (Ростовская область),Численность населения 16 607
Арамиль (Свердловская область),Численность населения 16 569
Карачев (Брянская область),Численность населения 16 525
Покров (Владимирская область),Численность населения 16 472
Галич (Костромская область),Численность населения 16 433
Куртамыш (Курганская область),Численность населения 16 308
Райчихинск (Амурская область),Численность населения 16 251
Куса (Челябинская область),Численность населения 16 231
Белогорск (Республика Крым),Численность населения 16 213
Подпорожье (Ленинградская область),Численность населения 16 160
Козельск (Калужская область),Численность населения 16 160
Жуковка (Брянская область),Численность населения 16 133
Гаврилов-Ям (Ярославская область),Численность населения 16 122
Новомичуринск (Рязанская область),Численность населения 16 118
Поронайск (Сахалинская область),Численность населения 16 117
Судак (Республика Крым),Численность населения 15 969
Почеп (Брянская область),Численность населения 15 963
Рыльск (Курская область),Численность населения 15 943
Волгореченск (Костромская область),Численность населения 15 908
Бикин (Хабаровский край),Численность населения 15 900
Сельцо (Брянская область),Численность населения 15 867
Бородино (Красноярский край),Численность населения 15 838
Мамадыш (Республика Татарстан),Численность населения 15 796
Камызяк (Астраханская область),Численность населения 15 647
Кирсанов (Тамбовская область),Численность населения 15 553
Новоаннинский (Волгоградская область),Численность населения 15 551
Ковдор (Мурманская область),Численность населения 15 525
Петровск-Забайкальский (Забайкальский край),Численность населения 15 438
Плавск (Тульская область),Численность населения 15 429
Магас (Республика Ингушетия),Численность населения 15 279
Талица (Свердловская область),Численность населения 15 227
Межгорье (Республика Башкортостан),Численность населения 15 192
Ужур (Красноярский край),Численность населения 15 170
Барыш (Ульяновская область),Численность населения 15 149
Болотное (Новосибирская область),Численность населения 15 135
Катав-Ивановск (Челябинская область),Численность населения 15 126
Кодинск (Красноярский край),Численность населения 15 116
Касли (Челябинская область),Численность населения 15 111
Анадырь (Чукотский автономный округ),Численность населения 15 079
Жирновск (Волгоградская область),Численность населения 15 055
Карабаново (Владимирская область),Численность населения 15 054
Цивильск (Чувашская Республика - Чувашия),Численность населения 15 025
Яранск (Кировская область),Численность населения 15 015
Калининск (Саратовская область),Численность населения 15 011
Белокуриха (Алтайский край),Численность населения 14 991
Дегтярск (Свердловская область),Численность населения 14 973
Приволжск (Ивановская область),Численность населения 14 944
Ивдель (Свердловская область),Численность населения 14 935
Осташков (Тверская область),Численность населения 14 912
Советск (Кировская область),Численность населения 14 869
Ясный (Оренбургская область),Численность населения 14 846
Светогорск (Ленинградская область),Численность населения 14 731
Иланский (Красноярский край),Численность населения 14 673
Новоузенск (Саратовская область),Численность населения 14 650
Шлиссельбург (Ленинградская область),Численность населения 14 643
Грязовец (Вологодская область),Численность населения 14 633
Ясногорск (Тульская область),Численность населения 14 603
Пестово (Новгородская область),Численность населения 14 589
Щигры (Курская область),Численность населения 14 556
Абаза (Республика Хакасия),Численность населения 14 501
Красновишерск (Пермский край),Численность населения 14 496
Бокситогорск (Ленинградская область),Численность населения 14 491
Сухиничи (Калужская область),Численность населения 14 484
Кондрово (Калужская область),Численность населения 14 462
Нерчинск (Забайкальский край),Численность населения 14 447
Мантурово (Костромская область),Численность населения 14 400
Данилов (Ярославская область),Численность населения 14 331
Цимлянск (Ростовская область),Численность населения 14 309
Ленинск (Волгоградская область),Численность населения 14 221
Полярные Зори (Мурманская область),Численность населения 14 209
Навашино (Нижегородская область),Численность населения 14 194
Очёр (Пермский край),Численность населения 14 143
Палласовка (Волгоградская область),Численность населения 14 033
Невель (Псковская область),Численность населения 13 969
Заполярный (Мурманская область),Численность населения 13 939
Жуков (Калужская область),Численность населения 13 902
Жердевка (Тамбовская область),Численность населения 13 727
Валдай (Новгородская область),Численность населения 13 724
Купино (Новосибирская область),Численность населения 13 695
Лакинск (Владимирская область),Численность населения 13 682
Красный Кут (Саратовская область),Численность населения 13 661
Ак-Довурак (Республика Тыва),Численность населения 13 640
Медвежьегорск (Республика Карелия),Численность населения 13 620
Агидель (Республика Башкортостан),Численность населения 13 616
Яхрома (Московская область),Численность населения 13 573
Венёв (Тульская область),Численность населения 13 558
Чудово (Новгородская область),Численность населения 13 531
Трубчевск (Брянская область),Численность населения 13 514
Лукоянов (Нижегородская область),Численность населения 13 419
Новоульяновск (Ульяновская область),Численность населения 13 367
Кашин (Тверская область),Численность населения 13 282
Гвардейск (Калининградская область),Численность населения 13 223
Пересвет (Московская область),Численность населения 13 130
Николаевск (Волгоградская область),Численность населения 13 097
Обоянь (Курская область),Численность населения 13 076
Меленки (Владимирская область),Численность населения 13 042
Первомайск (Нижегородская область),Численность населения 13 011
Снежногорск (Мурманская область),Численность населения 12 995
Вяземский (Хабаровский край),Численность населения 12 992
Кизел (Пермский край),Численность населения 12 977
Дубовка (Волгоградская область),Численность населения 12 948
Удачный (Республика Саха (Якутия)),Численность населения 12 918
Адыгейск (Республика Адыгея),Численность населения 12 910
Могоча (Забайкальский край),Численность населения 12 861
Пионерский (Калининградская область),Численность населения 12 860
Гаджиево (Мурманская область),Численность населения 12 731
Струнино (Владимирская область),Численность населения 12 699
Свирск (Иркутская область),Численность населения 12 602
Лагань (Республика Калмыкия),Численность населения 12 597
Краснозаводск (Московская область),Численность населения 12 542
Гороховец (Владимирская область),Численность населения 12 442
Талдом (Московская область),Численность населения 12 423
Фокино (Брянская область),Численность населения 12 364
Байкальск (Иркутская область),Численность населения 12 321
Емва (Республика Коми),Численность населения 12 309
Шилка (Забайкальский край),Численность населения 12 270
Урень (Нижегородская область),Численность населения 12 244
Руза (Московская область),Численность населения 12 218
Катайск (Курганская область),Численность населения 12 171
Белёв (Тульская область),Численность населения 12 151
Петров Вал (Волгоградская область),Численность населения 12 130
Калязин (Тверская область),Численность населения 12 114
Сясьстрой (Ленинградская область),Численность населения 12 069
Хвалынск (Саратовская область),Численность населения 12 032
Бодайбо (Иркутская область),Численность населения 11 978
Сим (Челябинская область),Численность населения 11 946
Долинск (Сахалинская область),Численность населения 11 891
Горняк (Алтайский край),Численность населения 11 866
Южа (Ивановская область),Численность населения 11 837
Уяр (Красноярский край),Численность населения 11 825
Далматово (Курганская область),Численность населения 11 824
Петушки (Владимирская область),Численность населения 11 651
Чаплыгин (Липецкая область),Численность населения 11 621
Камешково (Владимирская область),Численность населения 11 603
Новая Ляля (Свердловская область),Численность населения 11 465
Волосово (Ленинградская область),Численность населения 11 429
Белоусово (Калужская область),Численность населения 11 418
Александровск (Пермский край),Численность населения 11 409
Бабаево (Вологодская область),Численность населения 11 396
Вилюйск (Республика Саха (Якутия)),Численность населения 11 347
Шагонар (Республика Тыва),Численность населения 11 347
Торопец (Тверская область),Численность населения 11 314
Дрезна (Московская область),Численность населения 11 283
Лихославль (Тверская область),Численность населения 11 175
Нязепетровск (Челябинская область),Численность населения 11 121
Чкаловск (Нижегородская область),Численность населения 11 107
Аркадак (Саратовская область),Численность населения 11 099
Закаменск (Республика Бурятия),Численность населения 11 042
Горнозаводск (Пермский край),Численность населения 10 964
Богучар (Воронежская область),Численность населения 10 905
Сорск (Республика Хакасия),Численность населения 10 894
Южно-Сухокумск (Республика Дагестан),Численность населения 10 861
Киренск (Иркутская область),Численность населения 10 839
Звенигово (Республика Марий Эл),Численность населения 10 797
Чулым (Новосибирская область),Численность населения 10 764
Неман (Калининградская область),Численность населения 10 680
Кораблино (Рязанская область),Численность населения 10 645
Тетюши (Республика Татарстан),Численность населения 10 601
Балей (Забайкальский край),Численность населения 10 560
Называевск (Омская область),Численность населения 10 541
Нариманов (Астраханская область),Численность населения 10 467
Карабаш (Челябинская область),Численность населения 10 445
Болхов (Орловская область),Численность населения 10 435
Юрюзань (Челябинская область),Численность населения 10 431
Ермолино (Калужская область),Численность населения 10 418
Сураж (Брянская область),Численность населения 10 414
Сосновка (Кировская область),Численность населения 10 404
Верхний Тагил (Свердловская область),Численность населения 10 270
Хилок (Забайкальский край),Численность населения 10 235
Высоковск (Московская область),Численность населения 10 223
Кемь (Республика Карелия),Численность населения 10 222
Дигора (Республика Северная Осетия - Алания),Численность населения 10 195
Сосенский (Калужская область),Численность населения 10 138
Боровск (Калужская область),Численность населения 10 101
Тюкалинск (Омская область),Численность населения 10 076
Змеиногорск (Алтайский край),Численность населения 10 069
Вытегра (Вологодская область),Численность населения 10 063
Кремёнки (Калужская область),Численность населения 10 040
Ворсма (Нижегородская область),Численность населения 10 034
Камбарка (Удмуртская Республика),Численность населения 9 974
Каргополь (Архангельская область),Численность населения 9 962
Малая Вишера (Новгородская область),Численность населения 9 949
Щёлкино (Республика Крым),Численность населения 9 919
Белая Холуница (Кировская область),Численность населения 9 872
Питкяранта (Республика Карелия),Численность населения 9 818
Заозёрный (Красноярский край),Численность населения 9 812
Володарск (Нижегородская область),Численность населения 9 792
Судогда (Владимирская область),Численность населения 9 787
Завитинск (Амурская область),Численность населения 9 749
Петухово (Курганская область),Численность населения 9 747
Зуевка (Кировская область),Численность населения 9 725
Нюрба (Республика Саха (Якутия)),Численность населения 9 665
Михайлов (Рязанская область),Численность населения 9 650
Эртиль (Воронежская область),Численность населения 9 634
Тотьма (Вологодская область),Численность населения 9 587
Уржум (Кировская область),Численность населения 9 552
Невельск (Сахалинская область),Численность населения 9 550
Чадан (Республика Тыва),Численность населения 9 529
Вуктыл (Республика Коми),Численность населения 9 522
Суздаль (Владимирская область),Численность населения 9 521
Покровск (Республика Саха (Якутия)),Численность населения 9 462
Кола (Мурманская область),Численность населения 9 431
Луза (Кировская область),Численность населения 9 415
Старый Крым (Республика Крым),Численность населения 9 392
Задонск (Липецкая область),Численность населения 9 366
Рудня (Смоленская область),Численность населения 9 328
Анива (Сахалинская область),Численность населения 9 309
Нолинск (Кировская область),Численность населения 9 293
Микунь (Республика Коми),Численность населения 9 268
Заволжск (Ивановская область),Численность населения 9 238
Таруса (Калужская область),Численность населения 9 194
Заозёрск (Мурманская область),Численность населения 9 154
Окуловка (Новгородская область),Численность населения 9 136
Ивангород (Ленинградская область),Численность населения 9 112
Олёкминск (Республика Саха (Якутия)),Численность населения 9 109
Щучье (Курганская область),Численность населения 9 086
Дорогобуж (Смоленская область),Численность населения 8 993
Верхнеуральск (Челябинская область),Численность населения 8 964
Александровск-Сахалинский (Сахалинская область),Численность населения 8 922
Краснослободск (Республика Мордовия),Численность населения 8 828
Лаишево (Республика Татарстан),Численность населения 8 789
Наволоки (Ивановская область),Численность населения 8 785
Нижние Серги (Свердловская область),Численность населения 8 750
Каргат (Новосибирская область),Численность населения 8 740
Кирс (Кировская область),Численность населения 8 728
Верхняя Тура (Свердловская область),Численность населения 8 717
Кувшиново (Тверская область),Численность населения 8 712
Беломорск (Республика Карелия),Численность населения 8 699
Теберда (Карачаево-Черкесская Республика),Численность населения 8 667
Опочка (Псковская область),Численность населения 8 647
Печоры (Псковская область),Численность населения 8 606
Михайловск (Свердловская область),Численность населения 8 601
Медынь (Калужская область),Численность населения 8 591
Болохово (Тульская область),Численность населения 8 581
Миньяр (Челябинская область),Численность населения 8 514
Харовск (Вологодская область),Численность населения 8 511
Перевоз (Нижегородская область),Численность населения 8 511
Сковородино (Амурская область),Численность населения 8 480
Ельня (Смоленская область),Численность населения 8 453
Серафимович (Волгоградская область),Численность населения 8 433
Сычёвка (Смоленская область),Численность населения 8 431
Верхотурье (Свердловская область),Численность населения 8 430
Углегорск (Сахалинская область),Численность населения 8 405
Пудож (Республика Карелия),Численность населения 8 387
Суоярви (Республика Карелия),Численность населения 8 339
Волчанск (Свердловская область),Численность населения 8 335
Бирюсинск (Иркутская область),Численность населения 8 322
Козловка (Чувашская Республика - Чувашия),Численность населения 8 280
Нея (Костромская область),Численность населения 8 278
Белозерск (Вологодская область),Численность населения 8 271
Облучье (Еврейская автономная область),Численность населения 8 231
Городовиковск (Республика Калмыкия),Численность населения 8 186
Мариинский Посад (Чувашская Республика - Чувашия),Численность населения 8 177
Ветлуга (Нижегородская область),Численность населения 8 136
Устюжна (Вологодская область),Численность населения 8 132
Мамоново (Калининградская область),Численность населения 8 129
Сольцы (Новгородская область),Численность населения 8 120
Алупка (Республика Крым),Численность населения 8 098
Починок (Смоленская область),Численность населения 8 044
Болгар (Республика Татарстан),Численность населения 8 041
Липки (Тульская область),Численность населения 8 016
Ардатов (Республика Мордовия),Численность населения 7 973
Комсомольск (Ивановская область),Численность населения 7 948
Ядрин (Чувашская Республика - Чувашия),Численность населения 7 935
Никольск (Вологодская область),Численность населения 7 906
Костерёво (Владимирская область),Численность населения 7 873
Олонец (Республика Карелия),Численность населения 7 855
Порхов (Псковская область),Численность населения 7 835
Гремячинск (Пермский край),Численность населения 7 775
Новая Ладога (Ленинградская область),Численность населения 7 682
Макушино (Курганская область),Численность населения 7 622
Юрьевец (Ивановская область),Численность населения 7 594
Циолковский (Амурская область),Численность населения 7 538
Белинский (Пензенская область),Численность населения 7 492
Городище (Пензенская область),Численность населения 7 470
Западная Двина (Тверская область),Численность населения 7 451
Бирюч (Белгородская область),Численность населения 7 362
Инсар (Республика Мордовия),Численность населения 7 325
Кириллов (Вологодская область),Численность населения 7 259
Мглин (Брянская область),Численность населения 7 212
Советск (Тульская область),Численность населения 7 175
Дно (Псковская область),Численность населения 7 154
Старица (Тверская область),Численность населения 7 144
Салаир (Кемеровская область),Численность населения 7 049
Полесск (Калининградская область),Численность населения 6 958
Спасск (Пензенская область),Численность населения 6 938
Оханск (Пермский край),Численность населения 6 898
Малмыж (Кировская область),Численность населения 6 879
Лахденпохья (Республика Карелия),Численность населения 6 809
Новосокольники (Псковская область),Численность населения 6 769
Томмот (Республика Саха (Якутия)),Численность населения 6 756
Княгинино (Нижегородская область),Численность населения 6 559
Андреаполь (Тверская область),Численность населения 6 550
Грайворон (Белгородская область),Численность населения 6 526
Велиж (Смоленская область),Численность населения 6 492
Спасск-Рязанский (Рязанская область),Численность населения 6 489
Багратионовск (Калининградская область),Численность населения 6 425
Севск (Брянская область),Численность населения 6 385
Сретенск (Забайкальский край),Численность населения 6 299
Орлов (Кировская область),Численность населения 6 273
Дмитриев (Дмитриев-Льговский) (Курская область),Численность населения 6 159
Макарьев (Костромская область),Численность населения 6 132
Сенгилей (Ульяновская область),Численность населения 6 110
Фатеж (Курская область),Численность населения 6 100
Демидов (Смоленская область),Численность населения 6 050
Зубцов (Тверская область),Численность населения 6 021
Каменногорск (Ленинградская область),Численность населения 5 991
Усолье (Пермский край),Численность населения 5 973
Макаров (Сахалинская область),Численность населения 5 958
Пучеж (Ивановская область),Численность населения 5 865
Солигалич (Костромская область),Численность населения 5 849
Новохопёрск (Воронежская область),Численность населения 5 696
Красавино (Вологодская область),Численность населения 5 690
Шацк (Рязанская область),Численность населения 5 686
Весьегонск (Тверская область),Численность населения 5 669
Алзамай (Иркутская область),Численность населения 5 607
Юхнов (Калужская область),Численность населения 5 603
Пошехонье (Ярославская область),Численность населения 5 573
Мураши (Кировская область),Численность населения 5 568
Курлово (Владимирская область),Численность населения 5 550
Сурск (Пензенская область),Численность населения 5 535
Суджа (Курская область),Численность населения 5 521
Короча (Белгородская область),Численность населения 5 507
Билибино (Чукотский автономный округ),Численность населения 5 506
Гаврилов Посад (Ивановская область),Численность населения 5 445
Мышкин (Ярославская область),Численность населения 5 419
Темников (Республика Мордовия),Численность населения 5 389
Пыталово (Псковская область),Численность населения 5 378
Злынка (Брянская область),Численность населения 5 315
Жиздра (Калужская область),Численность населения 5 239
Приморск (Ленинградская область),Численность населения 5 226
Себеж (Псковская область),Численность населения 5 152
Шиханы (Саратовская область),Численность населения 5 084
Спас-Клепики (Рязанская область),Численность населения 5 051
Верея (Московская область),Численность населения 5 048
Любим (Ярославская область),Численность населения 5 007
Дмитровск (Орловская область),Численность населения 4 880
Красный Холм (Тверская область),Численность населения 4 860
Туран (Республика Тыва),Численность населения 4 853
Чухлома (Костромская область),Численность населения 4 850
Шенкурск (Архангельская область),Численность населения 4 537
Чердынь (Пермский край),Численность населения 4 491
Певек (Чукотский автономный округ),Численность населения 4 890
Кадников (Вологодская область),Численность населения 4 375
Бабушкин (Республика Бурятия),Численность населения 4 316
Мосальск (Калужская область),Численность населения 4 293
Спас-Деменск (Калужская область),Численность населения 4 273
Сусуман (Магаданская область),Численность населения 4 195
Любань (Ленинградская область),Численность населения 4 157
Игарка (Красноярский край),Численность населения 4 089
Правдинск (Калининградская область),Численность населения 4 032
Нестеров (Калининградская область),Численность населения 3 934
Славск (Калининградская область),Численность населения 3 866
Духовщина (Смоленская область),Численность населения 3 846
Томари (Сахалинская область),Численность населения 3 812
Озёрск (Калининградская область),Численность населения 3 809
Ладушкин (Калининградская область),Численность населения 3 802
Пустошка (Псковская область),Численность населения 3 770
Мещовск (Калужская область),Численность населения 3 674
Среднеколымск (Республика Саха (Якутия)),Численность населения 3 394
Холм (Новгородская область),Численность населения 3 267
Чёрмоз (Пермский край),Численность населения 3 123
Мезень (Архангельская область),Численность населения 3 122
Гдов (Псковская область),Численность населения 3 113
Малоархангельск (Орловская область),Численность населения 3 066
Новосиль (Орловская область),Численность населения 3 062
Новоржев (Псковская область),Численность населения 3 047
Краснознаменск (Калининградская область),Численность населения 2 990
Белый (Тверская область),Численность населения 2 978
Северо-Курильск (Сахалинская область),Численность населения 2 701
Кологрив (Костромская область),Численность населения 2 653
Приморск (Калининградская область),Численность населения 1 909
Кедровый (Томская область),Численность населения 1 886
Сольвычегодск (Архангельская область),Численность населения 1 813
Горбатов (Нижегородская область),Численность населения 1 775
Плёс (Ивановская область),Численность населения 1 650
Островной (Мурманская область),Численность населения 1 589
Курильск (Сахалинская область),Численность населения 1 558
Артёмовск (Красноярский край),Численность населения 1 411
Иннополис (Республика Татарстан),Численность населения 1 177
Высоцк (Ленинградская область),Численность населения 1 069
Верхоянск (Республика Саха (Якутия)),Численность населения 1 064
Чекалин (Тульская область),Численность населения 838
